Dataset_Name,Category,File_Path,File_Size_MB,Feature_Count,Target_Columns,Purpose,CIE_Context_Contribution,CIE_Recommendation,Sample_Features_and_Types
IoT_Fridge.csv,Processed_IoT_dataset,Processed_IoT_dataset\IoT_Fridge.csv,23.81,6,"label, type, temp_condition",Captures physical telemetry and actuator state readings for Fridge sensor.,"Provides Device & Environmental Context (physical sensor dynamics, state changes, environmental readings).",Secondary (Device-level context),"date: str, time: str, fridge_temperature: float64, temp_condition: str, label: int64, type: str"
IoT_GPS_Tracker.csv,Processed_IoT_dataset,Processed_IoT_dataset\IoT_GPS_Tracker.csv,29.97,6,"label, type",Captures physical telemetry and actuator state readings for GPS_Tracker sensor.,"Provides Device & Environmental Context (physical sensor dynamics, state changes, environmental readings).",Secondary (Device-level context),"date: str, time: str, latitude: float64, longitude: float64, label: int64, type: str"
IoT_Garage_Door.csv,Processed_IoT_dataset,Processed_IoT_dataset\IoT_Garage_Door.csv,24.57,6,"label, type, door_state",Captures physical telemetry and actuator state readings for Garage_Door sensor.,"Provides Device & Environmental Context (physical sensor dynamics, state changes, environmental readings).",Secondary (Device-level context),"date: str, time: str, door_state: str, sphone_signal: str, label: int64, type: str"
IoT_Modbus.csv,Processed_IoT_dataset,Processed_IoT_dataset\IoT_Modbus.csv,14.64,8,"label, type",Captures physical telemetry and actuator state readings for Modbus sensor.,"Provides Device & Environmental Context (physical sensor dynamics, state changes, environmental readings).",Secondary (Device-level context),"date: str, time: str, FC1_Read_Input_Register: int64, FC2_Read_Discrete_Value: int64, FC3_Read_Holding_Register: int64, FC4_Read_Coil: int64, ... (+2 more)"
IoT_Motion_Light.csv,Processed_IoT_dataset,Processed_IoT_dataset\IoT_Motion_Light.csv,15.79,6,"label, type, light_status",Captures physical telemetry and actuator state readings for Motion_Light sensor.,"Provides Device & Environmental Context (physical sensor dynamics, state changes, environmental readings).",Secondary (Device-level context),"date: str, time: str, motion_status: int64, light_status: str, label: int64, type: str"
IoT_Thermostat.csv,Processed_IoT_dataset,Processed_IoT_dataset\IoT_Thermostat.csv,18.16,6,"label, type",Captures physical telemetry and actuator state readings for Thermostat sensor.,"Provides Device & Environmental Context (physical sensor dynamics, state changes, environmental readings).",Secondary (Device-level context),"date: str, time: str, current_temperature: float64, thermostat_status: int64, label: int64, type: str"
IoT_Weather.csv,Processed_IoT_dataset,Processed_IoT_dataset\IoT_Weather.csv,40.06,7,"label, type",Captures physical telemetry and actuator state readings for Weather sensor.,"Provides Device & Environmental Context (physical sensor dynamics, state changes, environmental readings).",Secondary (Device-level context),"date: str, time: str, temperature: float64, pressure: float64, humidity: float64, label: int64, ... (+1 more)"
Linux_process_1.csv,Processed_Linux_dataset,Processed_Linux_dataset\Linux_process_1.csv,61.78,17,"label, type",Captures host-level Linux kernel operating system telemetry (process metrics).,"Provides Host & Behavioral Context (process execution levels, disk I/O bursts, memory allocation spikes).",Secondary (Host-level context),"ts: int64, PID: int64, TRUN: int64, TSLPI: int64, TSLPU: int64, POLI: str, ... (+11 more)"
Linux_process_2.csv,Processed_Linux_dataset,Processed_Linux_dataset\Linux_process_2.csv,57.81,17,"label, type",Captures host-level Linux kernel operating system telemetry (process metrics).,"Provides Host & Behavioral Context (process execution levels, disk I/O bursts, memory allocation spikes).",Secondary (Host-level context),"ts: int64, PID: int64, TRUN: int64, TSLPI: int64, TSLPU: int64, POLI: str, ... (+11 more)"
linux_disk_1.csv,Processed_Linux_dataset,Processed_Linux_dataset\linux_disk_1.csv,42.48,9,"label, type",Captures host-level Linux kernel operating system telemetry (disk metrics).,"Provides Host & Behavioral Context (process execution levels, disk I/O bursts, memory allocation spikes).",Secondary (Host-level context),"ts: int64, PID: int64, RDDSK: float64, WRDSK: int64, WCANCL: int64, DSK: float64, ... (+3 more)"
linux_disk_2.csv,Processed_Linux_dataset,Processed_Linux_dataset\linux_disk_2.csv,38.25,9,"label, type",Captures host-level Linux kernel operating system telemetry (disk metrics).,"Provides Host & Behavioral Context (process execution levels, disk I/O bursts, memory allocation spikes).",Secondary (Host-level context),"ts: int64, PID: int64, RDDSK: int64, WRDSK: int64, WCANCL: int64, DSK: float64, ... (+3 more)"
linux_memory1.csv,Processed_Linux_dataset,Processed_Linux_dataset\linux_memory1.csv,57.9,13,"label, type",Captures host-level Linux kernel operating system telemetry (memory1.csv metrics).,"Provides Host & Behavioral Context (process execution levels, disk I/O bursts, memory allocation spikes).",Secondary (Host-level context),"ts: int64, PID: int64, MINFLT: int64, MAJFLT: int64, VSTEXT: int64, VSIZE: float64, ... (+7 more)"
linux_memory2.csv,Processed_Linux_dataset,Processed_Linux_dataset\linux_memory2.csv,58.05,13,"label, type",Captures host-level Linux kernel operating system telemetry (memory2.csv metrics).,"Provides Host & Behavioral Context (process execution levels, disk I/O bursts, memory allocation spikes).",Secondary (Host-level context),"ts: int64, PID: int64, MINFLT: int64, MAJFLT: int64, VSTEXT: int64, VSIZE: float64, ... (+7 more)"
Network_dataset_1.csv,Processed_Network_dataset,Processed_Network_dataset\Network_dataset_1.csv,139.93,46,"label, type","Captures Bro/Zeek network connection flows, transport layers, application protocols, and security flags.","Provides Network, Traffic, Security, & Behavioral Context (inter-device traffic topology, flow volume, payload stats, anomaly flags).",PRIMARY RECOMMENDATION (Full Context Spectrum),"ts: int64, src_ip: str, src_port: int64, dst_ip: str, dst_port: int64, proto: str, ... (+40 more)"
Network_dataset_10.csv,Processed_Network_dataset,Processed_Network_dataset\Network_dataset_10.csv,139.75,46,"label, type","Captures Bro/Zeek network connection flows, transport layers, application protocols, and security flags.","Provides Network, Traffic, Security, & Behavioral Context (inter-device traffic topology, flow volume, payload stats, anomaly flags).",PRIMARY RECOMMENDATION (Full Context Spectrum),"ts: int64, src_ip: str, src_port: int64, dst_ip: str, dst_port: int64, proto: str, ... (+40 more)"
Network_dataset_11.csv,Processed_Network_dataset,Processed_Network_dataset\Network_dataset_11.csv,141.55,46,"label, type","Captures Bro/Zeek network connection flows, transport layers, application protocols, and security flags.","Provides Network, Traffic, Security, & Behavioral Context (inter-device traffic topology, flow volume, payload stats, anomaly flags).",PRIMARY RECOMMENDATION (Full Context Spectrum),"ts: int64, src_ip: str, src_port: int64, dst_ip: str, dst_port: int64, proto: str, ... (+40 more)"
Network_dataset_12.csv,Processed_Network_dataset,Processed_Network_dataset\Network_dataset_12.csv,146.51,46,"label, type","Captures Bro/Zeek network connection flows, transport layers, application protocols, and security flags.","Provides Network, Traffic, Security, & Behavioral Context (inter-device traffic topology, flow volume, payload stats, anomaly flags).",PRIMARY RECOMMENDATION (Full Context Spectrum),"ts: int64, src_ip: str, src_port: int64, dst_ip: str, dst_port: int64, proto: str, ... (+40 more)"
Network_dataset_13.csv,Processed_Network_dataset,Processed_Network_dataset\Network_dataset_13.csv,144.02,46,"label, type","Captures Bro/Zeek network connection flows, transport layers, application protocols, and security flags.","Provides Network, Traffic, Security, & Behavioral Context (inter-device traffic topology, flow volume, payload stats, anomaly flags).",PRIMARY RECOMMENDATION (Full Context Spectrum),"ts: int64, src_ip: str, src_port: int64, dst_ip: str, dst_port: int64, proto: str, ... (+40 more)"
Network_dataset_14.csv,Processed_Network_dataset,Processed_Network_dataset\Network_dataset_14.csv,146.23,46,"label, type","Captures Bro/Zeek network connection flows, transport layers, application protocols, and security flags.","Provides Network, Traffic, Security, & Behavioral Context (inter-device traffic topology, flow volume, payload stats, anomaly flags).",PRIMARY RECOMMENDATION (Full Context Spectrum),"ts: int64, src_ip: str, src_port: int64, dst_ip: str, dst_port: int64, proto: str, ... (+40 more)"
Network_dataset_15.csv,Processed_Network_dataset,Processed_Network_dataset\Network_dataset_15.csv,146.1,46,"label, type","Captures Bro/Zeek network connection flows, transport layers, application protocols, and security flags.","Provides Network, Traffic, Security, & Behavioral Context (inter-device traffic topology, flow volume, payload stats, anomaly flags).",PRIMARY RECOMMENDATION (Full Context Spectrum),"ts: int64, src_ip: str, src_port: int64, dst_ip: str, dst_port: int64, proto: str, ... (+40 more)"
Network_dataset_16.csv,Processed_Network_dataset,Processed_Network_dataset\Network_dataset_16.csv,145.93,46,"label, type","Captures Bro/Zeek network connection flows, transport layers, application protocols, and security flags.","Provides Network, Traffic, Security, & Behavioral Context (inter-device traffic topology, flow volume, payload stats, anomaly flags).",PRIMARY RECOMMENDATION (Full Context Spectrum),"ts: int64, src_ip: str, src_port: int64, dst_ip: str, dst_port: int64, proto: str, ... (+40 more)"
Network_dataset_17.csv,Processed_Network_dataset,Processed_Network_dataset\Network_dataset_17.csv,142.92,46,"label, type","Captures Bro/Zeek network connection flows, transport layers, application protocols, and security flags.","Provides Network, Traffic, Security, & Behavioral Context (inter-device traffic topology, flow volume, payload stats, anomaly flags).",PRIMARY RECOMMENDATION (Full Context Spectrum),"ts: int64, src_ip: str, src_port: int64, dst_ip: str, dst_port: int64, proto: str, ... (+40 more)"
Network_dataset_18.csv,Processed_Network_dataset,Processed_Network_dataset\Network_dataset_18.csv,143.82,46,"label, type","Captures Bro/Zeek network connection flows, transport layers, application protocols, and security flags.","Provides Network, Traffic, Security, & Behavioral Context (inter-device traffic topology, flow volume, payload stats, anomaly flags).",PRIMARY RECOMMENDATION (Full Context Spectrum),"ts: int64, src_ip: str, src_port: int64, dst_ip: str, dst_port: int64, proto: str, ... (+40 more)"
Network_dataset_19.csv,Processed_Network_dataset,Processed_Network_dataset\Network_dataset_19.csv,149.69,46,"label, type","Captures Bro/Zeek network connection flows, transport layers, application protocols, and security flags.","Provides Network, Traffic, Security, & Behavioral Context (inter-device traffic topology, flow volume, payload stats, anomaly flags).",PRIMARY RECOMMENDATION (Full Context Spectrum),"ts: int64, src_ip: str, src_port: int64, dst_ip: str, dst_port: int64, proto: str, ... (+40 more)"
Network_dataset_2.csv,Processed_Network_dataset,Processed_Network_dataset\Network_dataset_2.csv,138.76,46,"label, type","Captures Bro/Zeek network connection flows, transport layers, application protocols, and security flags.","Provides Network, Traffic, Security, & Behavioral Context (inter-device traffic topology, flow volume, payload stats, anomaly flags).",PRIMARY RECOMMENDATION (Full Context Spectrum),"ts: int64, src_ip: str, src_port: int64, dst_ip: str, dst_port: int64, proto: str, ... (+40 more)"
Network_dataset_20.csv,Processed_Network_dataset,Processed_Network_dataset\Network_dataset_20.csv,150.31,46,"label, type","Captures Bro/Zeek network connection flows, transport layers, application protocols, and security flags.","Provides Network, Traffic, Security, & Behavioral Context (inter-device traffic topology, flow volume, payload stats, anomaly flags).",PRIMARY RECOMMENDATION (Full Context Spectrum),"ts: int64, src_ip: str, src_port: int64, dst_ip: str, dst_port: int64, proto: str, ... (+40 more)"
Network_dataset_21.csv,Processed_Network_dataset,Processed_Network_dataset\Network_dataset_21.csv,151.33,46,"label, type","Captures Bro/Zeek network connection flows, transport layers, application protocols, and security flags.","Provides Network, Traffic, Security, & Behavioral Context (inter-device traffic topology, flow volume, payload stats, anomaly flags).",PRIMARY RECOMMENDATION (Full Context Spectrum),"ts: int64, src_ip: str, src_port: int64, dst_ip: str, dst_port: int64, proto: str, ... (+40 more)"
Network_dataset_22.csv,Processed_Network_dataset,Processed_Network_dataset\Network_dataset_22.csv,146.17,46,"label, type","Captures Bro/Zeek network connection flows, transport layers, application protocols, and security flags.","Provides Network, Traffic, Security, & Behavioral Context (inter-device traffic topology, flow volume, payload stats, anomaly flags).",PRIMARY RECOMMENDATION (Full Context Spectrum),"ts: int64, src_ip: str, src_port: int64, dst_ip: str, dst_port: int64, proto: str, ... (+40 more)"
Network_dataset_23.csv,Processed_Network_dataset,Processed_Network_dataset\Network_dataset_23.csv,49.31,46,"label, type","Captures Bro/Zeek network connection flows, transport layers, application protocols, and security flags.","Provides Network, Traffic, Security, & Behavioral Context (inter-device traffic topology, flow volume, payload stats, anomaly flags).",PRIMARY RECOMMENDATION (Full Context Spectrum),"ts: int64, src_ip: str, src_port: int64, dst_ip: str, dst_port: int64, proto: str, ... (+40 more)"
Network_dataset_3.csv,Processed_Network_dataset,Processed_Network_dataset\Network_dataset_3.csv,138.87,46,"label, type","Captures Bro/Zeek network connection flows, transport layers, application protocols, and security flags.","Provides Network, Traffic, Security, & Behavioral Context (inter-device traffic topology, flow volume, payload stats, anomaly flags).",PRIMARY RECOMMENDATION (Full Context Spectrum),"ts: int64, src_ip: str, src_port: int64, dst_ip: str, dst_port: int64, proto: str, ... (+40 more)"
Network_dataset_4.csv,Processed_Network_dataset,Processed_Network_dataset\Network_dataset_4.csv,138.49,46,"label, type","Captures Bro/Zeek network connection flows, transport layers, application protocols, and security flags.","Provides Network, Traffic, Security, & Behavioral Context (inter-device traffic topology, flow volume, payload stats, anomaly flags).",PRIMARY RECOMMENDATION (Full Context Spectrum),"ts: int64, src_ip: str, src_port: int64, dst_ip: str, dst_port: int64, proto: str, ... (+40 more)"
Network_dataset_5.csv,Processed_Network_dataset,Processed_Network_dataset\Network_dataset_5.csv,138.5,46,"label, type","Captures Bro/Zeek network connection flows, transport layers, application protocols, and security flags.","Provides Network, Traffic, Security, & Behavioral Context (inter-device traffic topology, flow volume, payload stats, anomaly flags).",PRIMARY RECOMMENDATION (Full Context Spectrum),"ts: int64, src_ip: str, src_port: int64, dst_ip: str, dst_port: int64, proto: str, ... (+40 more)"
Network_dataset_6.csv,Processed_Network_dataset,Processed_Network_dataset\Network_dataset_6.csv,158.13,47,"label, type","Captures Bro/Zeek network connection flows, transport layers, application protocols, and security flags.","Provides Network, Traffic, Security, & Behavioral Context (inter-device traffic topology, flow volume, payload stats, anomaly flags).",PRIMARY RECOMMENDATION (Full Context Spectrum),"ts: int64, uid: str, src_ip: str, src_port: int64, dst_ip: str, dst_port: int64, ... (+41 more)"
Network_dataset_7.csv,Processed_Network_dataset,Processed_Network_dataset\Network_dataset_7.csv,140.36,46,"label, type","Captures Bro/Zeek network connection flows, transport layers, application protocols, and security flags.","Provides Network, Traffic, Security, & Behavioral Context (inter-device traffic topology, flow volume, payload stats, anomaly flags).",PRIMARY RECOMMENDATION (Full Context Spectrum),"ts: int64, src_ip: str, src_port: int64, dst_ip: str, dst_port: int64, proto: str, ... (+40 more)"
Network_dataset_8.csv,Processed_Network_dataset,Processed_Network_dataset\Network_dataset_8.csv,139.85,46,"label, type","Captures Bro/Zeek network connection flows, transport layers, application protocols, and security flags.","Provides Network, Traffic, Security, & Behavioral Context (inter-device traffic topology, flow volume, payload stats, anomaly flags).",PRIMARY RECOMMENDATION (Full Context Spectrum),"ts: int64, src_ip: str, src_port: int64, dst_ip: str, dst_port: int64, proto: str, ... (+40 more)"
Network_dataset_9.csv,Processed_Network_dataset,Processed_Network_dataset\Network_dataset_9.csv,139.72,46,"label, type","Captures Bro/Zeek network connection flows, transport layers, application protocols, and security flags.","Provides Network, Traffic, Security, & Behavioral Context (inter-device traffic topology, flow volume, payload stats, anomaly flags).",PRIMARY RECOMMENDATION (Full Context Spectrum),"ts: int64, src_ip: str, src_port: int64, dst_ip: str, dst_port: int64, proto: str, ... (+40 more)"
windows10_dataset.csv,Processed_Windows_dataset,Processed_Windows_dataset\windows10_dataset.csv,35.53,127,"label, type",Captures enterprise Windows OS performance counter telemetry (windows10).,"Provides Host & Resource Context (CPU utilization, kernel DPC rates, handle counts, page table allocations).",Secondary (Host-level context),"ts: int64, Processor_DPC_Rate: int64, Processor_pct_ Idle_Time: float64, Processor_pct_ C3_Time: int64, Processor_pct_ Interrupt_Time: float64, Processor_pct_ C2_Time: int64, ... (+121 more)"
windows7_dataset.csv,Processed_Windows_dataset,Processed_Windows_dataset\windows7_dataset.csv,23.95,135,"label, type",Captures enterprise Windows OS performance counter telemetry (windows7).,"Provides Host & Resource Context (CPU utilization, kernel DPC rates, handle counts, page table allocations).",Secondary (Host-level context),"ts: int64, Processor(_Total) DPC Rate: int64, Processor(_Total) pct_ Idle Time: float64, Processor(_Total) pct_ C3 Time: int64, Processor(_Total) pct_ Interrupt Time: float64, Processor(_Total) pct_ C2 Time: int64, ... (+129 more)"
